,index,symbol,buyDate,buyPrice,sellDate,sellPrice,daysHeld,gainLoss,tradeReturn,Unnamed: 0
0,0,AAPL,19810326,0.4565055660965195,19810514,0.478774714276232,34,0.02226914817971254,0.04878176704422515,0.0
1,1,AAPL,19810522,0.5589414529321395,19810618,0.5544880223491165,18,-0.004453430583022944,-0.007967615498297333,1.0
2,2,AAPL,19810805,0.4609599943118414,19811111,0.3362559569288079,69,-0.12470403738303355,-0.2705311500387401,2.0
3,3,AAPL,19811202,0.33402824400499737,19811207,0.3407093875118308,3,0.006681143506833409,0.020001732268883986,3.0
4,4,AAPL,19811208,0.33402824400499737,19820112,0.3206679522559287,23,-0.013360291749068665,-0.039997491196788686,4.0
5,5,AAPL,19820128,0.35852410747622143,19820209,0.3295748134219745,8,-0.028949294054246955,-0.08074573913043483,5.0
6,6,AAPL,19820330,0.3006255193677275,19820419,0.2939453734931932,13,-0.0066801458745343045,-0.022220821068630228,6.0
7,7,AAPL,19820514,0.26054264885592343,19820519,0.2494080747660671,3,-0.011134574089856351,-0.04273608999812396,7.0
8,8,AAPL,19820722,0.2560882206406014,19820806,0.2182320654203087,11,-0.03785615522029268,-0.14782466419422174,8.0
9,9,AAPL,19820819,0.2560882206406014,19821129,0.5144041542050134,70,0.258315933564412,1.0086990058279057,9.0
10,10,AAPL,19821207,0.6034787516592656,19821220,0.5344455894609155,9,-0.0690331621983501,-0.11439203453069945,10.0
11,11,AAPL,19821231,0.5322188741694039,19830110,0.5121774389135019,6,-0.020041435255902185,-0.037656378284553364,11.0
12,12,AAPL,19830119,0.5990243234439437,19830310,0.7660389442625919,35,0.16701462081864815,0.2788110837610708,12.0
13,13,AAPL,19830330,0.7883080924423045,19830406,0.7125947843694199,4,-0.07571330807288458,-0.09604532643869307,13.0
14,14,AAPL,19830419,0.8283909629541086,19830617,0.9998590143557796,42,0.1714680514016711,0.20698928292288735,14.0
15,15,AAPL,19830906,0.7014602102795636,19830916,0.5233120130033582,8,-0.17814819727620546,-0.2539676444444445,15.0
16,16,AAPL,19831101,0.4097415520778819,19831114,0.3518439616016871,9,-0.05789759047619481,-0.14130270699318745,16.0
17,17,AAPL,19831130,0.36297753805924426,19840131,0.4409175614236403,42,0.07794002336439604,0.21472409499806255,17.0
18,18,AAPL,19840223,0.478774714276232,19840319,0.4676401401863758,17,-0.011134574089856242,-0.023256395456657468,18.0
19,19,AAPL,19840418,0.4988161495321342,19840523,0.5389000176762374,24,0.04008386814410325,0.08035800000000003,19.0
20,20,AAPL,19840622,0.5099507236219905,19840626,0.4631867096033528,2,-0.04676401401863761,-0.09170300551098387,20.0
21,21,AAPL,19840723,0.4475987049304737,19840726,0.4854548601507664,3,0.03785615522029273,0.08457610534456975,21.0
22,22,AAPL,19840727,0.483228144859255,19840802,0.4297839849660831,4,-0.053444159893171916,-0.1105981935483871,22.0
23,23,AAPL,19840803,0.4876815754422778,19840828,0.5032695801151571,17,0.015588004672879241,0.03196348900149139,23.0
24,24,AAPL,19840921,0.478774714276232,19840928,0.4475987049304737,5,-0.031176009345758367,-0.06511624030288947,24.0
25,25,AAPL,19841025,0.4498254202219852,19841109,0.4141959802932039,11,-0.03562943992878132,-0.07920726203334279,25.0
26,26,AAPL,19841204,0.4431442767151517,19850205,0.5255387282948696,43,0.08239445157971786,0.18593143567254086,26.0
27,27,AAPL,19850207,0.5322188741694039,19850214,0.4921360036575999,5,-0.0400828705118042,-0.07531275656910641,27.0
28,28,AAPL,19850422,0.38524668623895697,19850503,0.35629739218471,9,-0.028949294054247014,-0.07514482301423517,28.0
29,29,AAPL,19850523,0.3518439616016871,19850528,0.3006255193677275,2,-0.051218442233959605,-0.14557146867264584,29.0
30,30,AAPL,19850628,0.3206679522559287,19850722,0.3006255193677275,15,-0.020042432888201175,-0.06250213888603713,30.0
31,31,AAPL,19850830,0.2672227947304577,19850905,0.26499607943894626,3,-0.002226715291511472,-0.008332804444162463,31.0
32,32,AAPL,19850906,0.2672227947304577,19851007,0.2672227947304577,20,0.0,0.0,32.0
33,33,AAPL,19851017,0.3251213828389516,19851202,0.3607508227677329,31,0.03562943992878132,0.1095881163449354,33.0
34,34,AAPL,19851205,0.35852410747622143,19860131,0.41196826736939335,39,0.053444159893171916,0.1490671304347826,34.0
35,35,AAPL,19860210,0.4253295567507611,19860313,0.4409175614236403,22,0.015588004672879184,0.03664923922043255,35.0
36,36,AAPL,19860319,0.4720935707693987,19860414,0.478774714276232,17,0.0066811435068333536,0.014152159488096188,36.0
37,37,AAPL,19860418,0.5299921588778925,19860617,0.6101588975337999,41,0.0801667386559074,0.15126023529411764,37.0
38,38,AAPL,19860703,0.6702842009338053,19860717,0.5745294576050186,9,-0.09575474332878664,-0.14285693023255822,38.0
39,39,AAPL,19860814,0.6413349068795583,19860910,0.6235201869151676,18,-0.017814719964390657,-0.02777756172834708,39.0
40,40,AAPL,19860929,0.5789828881880416,19860930,0.5967976081524322,1,0.017814719964390657,0.03076899218929041,40.0
41,41,AAPL,19861001,0.6079321822422885,19861007,0.5878907469863864,4,-0.020041435255902074,-0.03296656410256408,41.0
42,42,AAPL,19861103,0.6235201869151676,19861224,0.7459975090066898,36,0.12247732209152218,0.19642880000000013,42.0
43,43,AAPL,19870108,0.7972149536083503,19870318,1.1757804963404737,48,0.3785655427321234,0.4748600625448155,43.0
44,44,AAPL,19870327,1.1579657763760831,19870520,1.3232343651827836,37,0.16526858880670048,0.14272320665980087,44.0
45,45,AAPL,19870604,1.3942809395012867,19870708,1.3232343651827836,23,-0.07104657431850314,-0.050955709359345784,45.0
46,46,AAPL,19870721,1.469767613887799,19870916,1.831360601819472,40,0.3615929879316726,0.2460205167912186,46.0
47,47,AAPL,19870921,1.778278102282042,19871016,1.7075004453508842,19,-0.07077765693115777,-0.03980123066258855,47.0
48,48,AAPL,19871112,1.3713092998513268,19871123,1.2779162684966083,7,-0.09339303135471844,-0.06810500837764596,48.0
49,49,AAPL,19871217,1.3836749855757815,19880120,1.40130127390897,22,0.017626288333188356,0.012738748995923792,49.0
50,50,AAPL,19880219,1.4655210716823703,19880324,1.4348065493758713,24,-0.03071452230649907,-0.020958089856217357,50.0
51,51,AAPL,19880421,1.3865410118749033,19880422,1.4084805180165247,1,0.021939506141621438,0.015823193078114924,51.0
52,52,AAPL,19880429,1.439195040323024,19880517,1.4167009427128705,12,-0.02249409761015375,-0.015629638082344282,52.0
53,53,AAPL,19880606,1.5391318521035895,19880719,1.5653663473678328,30,0.026234495264243263,0.017044995351364854,53.0
54,54,AAPL,19880809,1.5216408826643937,19880815,1.4378926246655988,4,-0.0837482579987947,-0.0550381229585206,54.0
55,55,AAPL,19880916,1.4727513316083318,19881007,1.3856060282879097,15,-0.08714530332042257,-0.05917177017606545,55.0
56,56,AAPL,19881031,1.3463903489864373,19881103,1.2941037526087482,3,-0.052286596377689065,-0.038834648820121456,56.0
57,57,AAPL,19881118,1.3246045111684688,19881123,1.280451271975259,3,-0.044153239193209785,-0.03333314874057091,57.0
58,58,AAPL,19881208,1.3585803801833158,19890125,1.4410506966015977,32,0.0824703164182814,0.06070330296331344,58.0
59,59,AAPL,19890407,1.2925433050386026,19890616,1.5334361573437576,49,0.24089285230515498,0.1863712042498728,59.0
60,60,AAPL,19890807,1.5075914566979267,19891030,1.5703436813646594,59,0.06275222466673247,0.04162415778355396,60.0
61,61,AAPL,19891121,1.5467960358146986,19891127,1.5040676726234532,3,-0.0427283631912454,-0.027623786331169603,61.0
62,62,AAPL,19900108,1.2989673179171384,19900117,1.136596283535782,7,-0.16237103438135647,-0.12500009210525356,62.0
63,63,AAPL,19900209,1.1707793569422635,19900221,1.1572168492432289,7,-0.013562507699034665,-0.01158417050882756,63.0
64,64,AAPL,19900223,1.1316897407005715,19900226,1.1572168492432289,1,0.025527108542657384,0.02255663157894747,64.0
65,65,AAPL,19900307,1.2040159129035093,19900411,1.4465205850530929,25,0.24250467214958335,0.20141317863879246,65.0
66,66,AAPL,19900417,1.4720476935957498,19900427,1.3316495496130216,8,-0.1403981439827282,-0.09537608366463976,66.0
67,67,AAPL,19900511,1.4507747854762396,19900529,1.3883392951477742,11,-0.06243549032846541,-0.043035963233928116,67.0
68,68,AAPL,19900625,1.3968042352121328,19900725,1.4306668398714706,21,0.03386260465933777,0.02424291379256525,68.0
69,69,AAPL,19901024,1.0272243558677707,19910305,2.1017463410103243,90,1.0745219851425536,1.0460441080905127,69.0
70,70,AAPL,19910307,2.239088731241582,19910418,2.030994341839658,29,-0.20809438940192404,-0.09293708931603396,70.0
71,71,AAPL,19910708,1.5499067471374115,19910726,1.4877449823677515,14,-0.06216176476965996,-0.040106777317067084,71.0
72,72,AAPL,19910731,1.533330338417923,19910906,1.6996904376857158,26,0.16636009926779272,0.10849592882864473,72.0
73,73,AAPL,19911018,1.815203362108951,19911105,1.6089296227078913,12,-0.20627373940105964,-0.11363671074375126,73.0
74,74,AAPL,19911118,1.7131614019901975,19911127,1.6761872184975692,7,-0.03697418349262849,-0.021582428514718567,74.0
75,75,AAPL,19911224,1.7172694400983934,19920219,2.0297071462704537,38,0.31243770617206024,0.18193866313381707,75.0
76,76,AAPL,19920226,2.2875126577936107,19920311,2.0706287869848654,10,-0.21688387080874527,-0.09481209647947376,76.0
77,77,AAPL,19920505,1.980600810756432,19920527,1.972417032598641,15,-0.008183778157791144,-0.004131967488524652,77.0
78,78,AAPL,19920714,1.5483040183723438,19920722,1.4423669328706723,6,-0.10593708550167147,-0.06842137218828505,78.0
79,79,AAPL,19920831,1.4919884410756798,19920924,1.5000974638271212,17,0.008109022751441321,0.005435043950873341,79.0
80,80,AAPL,19921019,1.5892921732581955,19921215,1.8183409047717995,40,0.22904873151360386,0.1441199644518684,80.0
81,81,AAPL,19921221,1.923167258671792,19930127,1.943326763386627,25,0.020159504714835075,0.010482450043766838,81.0
82,82,AAPL,19930310,1.819545117636276,19930324,1.723357595846159,10,-0.09618752179011668,-0.05286349915580627,82.0
83,83,AAPL,19930429,1.6271700740560424,19930608,1.5778796040129075,27,-0.049290470043134686,-0.030292143906179687,83.0
84,84,AAPL,19930810,0.9084760815505816,19930820,0.8866835539123127,8,-0.021792527638268774,-0.023988003735963444,84.0
85,85,AAPL,19931018,0.8985589067498603,19931206,1.014554366614688,34,0.11599545986482784,0.12909054597699127,85.0
86,86,AAPL,19940105,1.0617425525918711,19940124,1.1010664813327824,13,0.039323928740911514,0.03703715994514487,86.0
87,87,AAPL,19940126,1.0538782953555998,19940307,1.1846077162543038,27,0.1307294208987042,0.12404603214130475,87.0
88,88,AAPL,19940314,1.1924264061953158,19940323,1.0985959966579204,7,-0.09383040953739563,-0.07868863776405374,88.0
89,89,AAPL,19940506,1.0106304803256052,19940519,1.0047655871205246,9,-0.005864893205080657,-0.005803202376392907,89.0
90,90,AAPL,19940711,0.8406333237668665,19940921,1.0579246055324698,51,0.21729128176560356,0.2584852106408585,90.0
91,91,AAPL,19941010,1.2051816343376762,19941110,1.280747181566737,23,0.07556554722906084,0.06270054660315902,91.0
92,92,AAPL,19941221,1.1859812382511798,19950130,1.2400650619454854,26,0.05408382369430553,0.04560259635646199,92.0
93,93,AAPL,19950214,1.3233675918340682,19950227,1.178894887285509,8,-0.1444727045485592,-0.1091705021643556,93.0
94,94,AAPL,19950412,1.2020107271289944,19950606,1.3523596349263551,37,0.15034890779736074,0.1250811697466873,94.0
95,95,AAPL,19950614,1.340833722784878,19950721,1.344675406634617,26,0.0038416838497388204,0.002865145606391625,95.0
96,96,AAPL,19950824,1.4022859349462278,19950906,1.340983465838161,8,-0.0613024691080668,-0.04371609782310019,96.0
97,97,AAPL,19951103,1.1187629808295148,19951130,1.1650619630241432,18,0.04629898219462802,0.041384084911622036,97.0
98,98,AAPL,19960112,1.0351859451132608,19960124,0.9855281723314624,8,-0.04965777278179828,-0.04796990629192244,98.0
99,99,AAPL,19960226,0.9014902959850449,19960306,0.8002640791606273,7,-0.1012262168244178,-0.11228763889666656,99.0
100,100,AAPL,19960412,0.7792543961609842,19960426,0.7563357532048292,10,-0.022918642956155092,-0.029410989619133805,100.0
101,101,AAPL,19960509,0.7983542635519606,19960531,0.7983542635519606,15,0.0,0.0,101.0
102,102,AAPL,19960726,0.6722978768584118,19960911,0.6455587470327687,32,-0.026739129825643082,-0.03977274173554237,102.0
103,103,AAPL,19960927,0.6818478105538999,19961101,0.7410555170311863,25,0.05920770647728646,0.08683419607843136,103.0
104,104,AAPL,19961113,0.7811642117696509,19961127,0.7486956351180077,10,-0.03246857665164326,-0.04156434225025348,104.0
105,105,AAPL,19970221,0.5004033486003983,19970311,0.5004033486003983,12,0.0,0.0,105.0
106,106,AAPL,19970326,0.5118630979045531,19970423,0.5538816082516845,19,0.04201851034713144,0.08208935263969082,106.0
107,107,AAPL,19970521,0.5156835847740409,19970529,0.5080434666872196,5,-0.0076401180868213014,-0.0148155153904482,107.0
108,108,AAPL,19970717,0.5347825965128626,19970828,0.6722978768584118,30,0.13751528034554916,0.25714240000000005,108.0
109,109,AAPL,19971010,0.6933075598580547,19971021,0.5825314093381487,7,-0.11077615051990597,-0.15977923353754556,109.0
110,110,AAPL,19971113,0.5500619770343511,19971126,0.5347825965128626,9,-0.015279380521488363,-0.02777756172834716,110.0
111,111,AAPL,19980107,0.5347825965128626,19980205,0.5596119107298391,20,0.024829314216976428,0.046428800000000055,111.0
112,112,AAPL,19980217,0.5997206054683037,19980408,0.7639750156394961,36,0.16425441017119236,0.2738848868514882,112.0
113,113,AAPL,19980422,0.8403727738990919,19980527,0.8174532752907824,24,-0.022919498608309552,-0.02727301421483417,113.0
114,114,AAPL,19980617,0.8594717856379138,19980901,1.0428260632000823,53,0.1833542775621685,0.21333367845935744,114.0
115,115,AAPL,19980921,1.1287728995030115,19981005,0.983618356722796,10,-0.14515454278021578,-0.12859499270767927,115.0
116,116,AAPL,19981021,1.1345032019811665,19981113,1.0905748760253684,17,-0.0439283259557981,-0.038720319060436936,116.0
117,117,AAPL,19981223,1.2166304070667626,19990126,1.2376400900664055,21,0.02100968299964312,0.01726874725274741,117.0
118,118,AAPL,19990325,1.0332761295045942,19990421,1.0504661812869038,18,0.01719005178230959,0.016636454952802776,118.0
119,119,AAPL,19990427,1.3980748690202645,19990521,1.3426859381081568,18,-0.05538893091210762,-0.03961800053735518,119.0
120,120,AAPL,19990607,1.4954814546273487,19990623,1.33504667567349,12,-0.16043477895385871,-0.10727968471788013,120.0
121,121,AAPL,19990709,1.6998445595370058,19990804,1.6444564842770528,18,-0.05538807525995293,-0.032584200095942435,121.0
122,122,AAPL,19990805,1.6731054297113626,19990927,1.8736489034036856,36,0.20054347369232328,0.1198630224557458,122.0
123,123,AAPL,19991015,2.2785554820056664,19991221,3.13229782081758,46,0.8537423388119136,0.3746857803350125,123.0
124,124,AAPL,20000105,3.1781368180342,20000112,2.664363048868825,5,-0.5137737691653741,-0.16165879525701576,124.0
125,125,AAPL,20000124,3.2468944582069743,20000210,3.468446759246786,13,0.2215523010398117,0.0682351409605593,125.0
126,126,AAPL,20000211,3.3232922164665704,20000411,3.649891221200288,41,0.3265990047337173,0.09827574087991807,126.0
127,127,AAPL,20000501,3.7988662508499913,20000504,3.3824999229438566,3,-0.4163663279061356,-0.10960278683488107,127.0
128,128,AAPL,20000505,3.4569878655947863,20000509,3.222065143989997,2,-0.23492272160478844,-0.06795589997373891,128.0
129,129,AAPL,20000614,2.7636803057367305,20000726,3.0597205494274724,29,0.29604024369074144,0.1071181218306016,129.0
130,130,AAPL,20000822,3.1590369506432228,20000920,3.7310635184815513,20,0.5720265678383281,0.1810762510143655,130.0
131,131,AAPL,20001107,1.302577243369692,20001120,1.1574227005894764,9,-0.14515454278021567,-0.11143641846890344,131.0
132,132,AAPL,20010104,1.0428260632000823,20010214,1.1918010928497862,28,0.14897502964970388,0.14285702564102554,132.0
133,133,AAPL,20010307,1.2987576121523587,20010412,1.3702661740015956,26,0.07150856184923683,0.0550592051820429,133.0
134,134,AAPL,20010419,1.5719553659286885,20010515,1.4167152512043166,18,-0.15524011472437138,-0.0987560576394978,134.0
135,135,AAPL,20010625,1.466220717902628,20010718,1.2706434493145615,16,-0.19557726858806634,-0.13338869530355024,135.0
136,136,AAPL,20011012,1.100735745359113,20011220,1.263309654699023,48,0.16257390933991034,0.14769567539289002,136.0
137,137,AAPL,20020103,1.4411629445604217,20020117,1.3739326434832877,10,-0.06723030107713401,-0.046650034495329305,137.0
138,138,AAPL,20020129,1.4099923922270343,20020221,1.3140369926738469,16,-0.095955399553187,-0.06805384205061474,138.0
139,139,AAPL,20020312,1.5108369881905803,20020328,1.446663076609037,12,-0.06417391158154362,-0.04247573502843615,139.0
140,140,AAPL,20020411,1.5193935097347864,20020430,1.4833337609910398,13,-0.036059748743746615,-0.023732988533063392,140.0
141,141,AAPL,20020517,1.5285618225694029,20020603,1.400213999406316,10,-0.12834782316308702,-0.08396639329074929,141.0
142,142,AAPL,20020716,1.0915674325244962,20020719,0.914325078301354,3,-0.17724235422314227,-0.16237416850485298,142.0
143,143,AAPL,20020815,0.954052152178947,20020904,0.8849890441870444,13,-0.06906310799190263,-0.07238923766816134,143.0
144,144,AAPL,20020924,0.8947674370077627,20021007,0.8415946451756044,9,-0.05317279183215829,-0.05942638235693525,144.0
145,145,AAPL,20021022,0.8984347621416093,20021120,0.9491629557685878,21,0.05072819362697845,0.056462857142857065,145.0
146,146,AAPL,20030113,0.8941565013695063,20030122,0.8483183598050416,6,-0.04583814156446475,-0.05126411483253572,146.0
147,147,AAPL,20030206,0.8819326546914539,20030310,0.8782661852097619,21,-0.003666469481692025,-0.004157312309719099,147.0
148,148,AAPL,20030321,0.916770532158688,20030401,0.8654314028934532,7,-0.051339129265234866,-0.055999977600009014,148.0
149,149,AAPL,20030505,0.9833890419454112,20030603,1.0579531376380835,20,0.07456409569267264,0.07582359830364244,149.0
150,150,AAPL,20030620,1.173466178484862,20030808,1.200357614393992,34,0.0268914359091299,0.022916242838674033,150.0
151,151,AAPL,20030825,1.2749217100866646,20030924,1.3030358729244615,21,0.028114162837797,0.022051677852348985,151.0
152,152,AAPL,20031010,1.4472748678994478,20031029,1.447885803537704,13,0.0006109356382562048,0.00042212827142013964,152.0
153,153,AAPL,20031211,1.296313013947179,20031216,1.229694504160456,3,-0.0666185097867229,-0.051390759075907434,153.0
154,154,AAPL,20040105,1.3549859378279523,20040129,1.38615649016134,17,0.031170552333387613,0.02300433640171508,154.0
155,155,AAPL,20040212,1.4503304017428835,20040331,1.652631384960387,33,0.20230098321750334,0.1394861356932153,155.0
156,156,AAPL,20040401,1.65690964573249,20040429,1.6361292775102316,19,-0.020780368222258483,-0.012541642373668394,156.0
157,157,AAPL,20040518,1.6538532562368995,20040709,1.8353738712321448,35,0.1815206149952453,0.10975617958286628,157.0
158,158,AAPL,20040726,1.9105489025630735,20040810,1.9264400743749728,11,0.015891171811898808,0.008317594901957338,158.0
159,159,AAPL,20040826,2.1183500178291923,20041220,3.8333216518042006,80,1.7149716339750078,0.8095789739848791,159.0
160,160,AAPL,20050107,4.232422630538437,20050310,4.868660758653101,42,0.6362381281146652,0.1503248100801608,160.0
161,161,AAPL,20050328,5.198697773743281,20050411,5.124134533702764,10,-0.07456324004051762,-0.014342676432761537,161.0
162,162,AAPL,20050511,4.352824867795573,20050513,4.250146609265103,2,-0.10267825853046997,-0.023588878865799603,162.0
163,163,AAPL,20050524,4.852770442493356,20050613,4.388273680901063,13,-0.4644967615922928,-0.09571785170897844,163.0
164,164,AAPL,20050628,4.560625983061693,20050708,4.675528088270215,7,0.11490210520852172,0.025194371482176292,164.0
165,165,AAPL,20050714,4.981118265656445,20050811,5.378384726171603,20,0.39726646051515857,0.07975447265611232,165.0
166,166,AAPL,20050812,5.635080372497778,20051012,6.020123841987037,42,0.3850434694892604,0.06832972096875131,166.0
167,167,AAPL,20051021,6.803656498920126,20051228,8.992904142960299,46,2.189247644040173,0.3217751578710139,167.0
168,168,AAPL,20060104,9.164034573844416,20060130,9.167701898978262,17,0.0036673251338452673,0.0004001867413630657,168.0
169,169,AAPL,20060228,8.371945395367122,20060309,7.8145487680650785,7,-0.5573966273020439,-0.06657910449469688,169.0
170,170,AAPL,20060407,8.530851979573184,20060518,7.722871629283994,28,-0.8079803502891911,-0.09471273821464382,170.0
171,171,AAPL,20060726,7.807214973449539,20060818,8.301047769156142,17,0.4938327957066031,0.06325338771713213,171.0
172,172,AAPL,20060824,8.288824778130241,20061012,9.199483386949906,34,0.9106586088196628,0.10986582937817696,172.0
173,173,AAPL,20061023,9.957346479250377,20061214,10.823999753420342,37,0.8666532741699662,0.0870365690272948,173.0
174,174,AAPL,20070111,11.710211524536051,20070130,10.457292053948157,12,-1.2529194705878943,-0.106993752244585,174.0
175,175,AAPL,20070221,10.903453045523374,20070416,11.176039863661444,37,0.2725868181380715,0.025000045123318743,175.0
176,176,AAPL,20070427,12.213822713063376,20070806,16.532421494682126,69,4.318598781618752,0.35358289399434023,176.0
177,177,AAPL,20070830,16.654657394506184,20071113,20.775235164983847,52,4.120577770477663,0.247412941189466,177.0
178,178,AAPL,20071203,21.86313441672234,20080110,21.76045701384402,26,-0.10267740287831373,-0.004696371568743566,178.0
179,179,AAPL,20080311,15.566758142767688,20080529,22.82024295839688,55,7.253484815629191,0.4659598838181448,179.0
180,180,AAPL,20080606,22.69189513523379,20080612,21.17861354883803,4,-1.5132815863957596,-0.06668819758672698,180.0
181,181,AAPL,20080717,21.001370338962733,20080722,19.80468004970259,3,-1.1966902892601432,-0.056981533583072286,181.0
182,182,AAPL,20080813,21.916918999844903,20080903,20.408526609859507,14,-1.5083923899853993,-0.06882319499360623,182.0
183,183,AAPL,20081024,11.781108295094876,20081027,11.256715027040991,1,-0.5243932680538865,-0.04451136980654191,183.0
184,184,AAPL,20081029,12.779776717561774,20081114,11.030578997409945,12,-1.7491977201518318,-0.1368723224833898,184.0
185,185,AAPL,20081205,11.490186562591882,20081223,10.55874758554996,12,-0.9314389770419212,-0.0810638688908993,185.0
186,186,AAPL,20090113,10.721321494889873,20090120,9.558857291806547,4,-1.1624642030833223,-0.10842545889864327,186.0
187,187,AAPL,20090203,11.365505208910484,20090224,11.031801724338612,14,-0.3337034845718723,-0.029361077966886227,187.0
188,188,AAPL,20090316,11.663761591681176,20090520,15.385847607758546,46,3.722086016077371,0.31911540602236216,188.0
189,189,AAPL,20090529,16.60087366703577,20090622,16.791563450517785,16,0.19068978348201426,0.011486731801391002,189.0
190,190,AAPL,20090702,17.115487686616788,20091106,23.755348404920486,89,6.6398607183037015,0.3879445821164445,190.0
191,191,AAPL,20091116,25.25762972721901,20091203,24.016933247657022,12,-1.2406964795619937,-0.049121651277710766,191.0
192,192,AAPL,20091223,24.703900425050822,20100122,24.172173362381397,19,-0.5317270626694253,-0.021524012545412915,192.0
193,193,AAPL,20100219,24.65133771320476,20100512,32.03683938843519,57,7.385501675230429,0.29959841373128826,193.0
194,194,AAPL,20100604,31.28753367333108,20100707,31.61879255969777,22,0.3312588863666939,0.01058756787368807,194.0
195,195,AAPL,20100727,32.280090172458955,20100816,30.270529480847106,14,-2.009560691611849,-0.06225387478398019,195.0
196,196,AAPL,20100908,32.13829577568915,20101122,38.303878772623385,53,6.165582996934226,0.1918453623044365,196.0
197,197,AAPL,20101202,38.88939127406753,20110131,41.477126394247215,40,2.587735120179687,0.06654090062616272,197.0
198,198,AAPL,20110204,42.354781643818725,20110301,42.69826437686347,16,0.34348273304474475,0.008109656565656567,198.0
199,199,AAPL,20110310,42.37556030073667,20110317,40.9050621777141,5,-1.4704981230225729,-0.03470156176311394,199.0
200,200,AAPL,20110401,42.117644494438295,20110412,40.63125348829952,7,-1.4863910061387813,-0.03529140871909543,200.0
201,201,AAPL,20110427,42.80094177974178,20110516,40.74126554144552,13,-2.059676238296269,-0.04812221770482489,201.0
202,202,AAPL,20110608,40.61169499135377,20110614,40.63614268470987,4,0.024447693356108857,0.0006019865302670517,202.0
203,203,AAPL,20110701,41.95873791023222,20110810,44.45601947421167,27,2.497281563979435,0.05951755673209697,203.0
204,204,AAPL,20110831,47.04008983621397,20111005,46.23577424410215,24,-0.8043155921118128,-0.01709851309621879,204.0
205,205,AAPL,20111018,51.61293795464941,20111102,48.57781826031367,11,-3.0351196943357337,-0.058805404509283975,205.0
206,206,AAPL,20111208,47.752724011283924,20120420,70.03879616445835,91,22.28607215317443,0.4666974002971696,206.0
207,207,AAPL,20120601,68.5731838152375,20120727,71.52762920184584,39,2.9544453866083416,0.04308455903941623,207.0
208,208,AAPL,20120808,75.76922185652322,20121003,81.79166468082707,39,6.022442824303867,0.0794840263201855,208.0
209,209,AAPL,20121129,71.50925333561634,20121212,65.39888826943817,9,-6.1103650661781606,-0.0854485927506503,209.0
210,210,AAPL,20130110,63.51942614091988,20130116,61.40579267625021,4,-2.113633464669668,-0.033275386650699665,210.0
211,211,AAPL,20130219,55.61218699443732,20130226,54.279882434463644,5,-1.3323045599736716,-0.02395706106841181,211.0
212,212,AAPL,20130320,54.655874191058366,20130408,51.52822638462028,12,-3.1276478064380915,-0.057224367055312225,212.0
213,213,AAPL,20130503,54.401991191027676,20130522,53.16730583788097,13,-1.234685353146716,-0.022695591211197214,213.0
214,214,AAPL,20130605,53.62025587404168,20130614,51.806050762568475,7,-1.814205111473207,-0.03383432402364736,214.0
215,215,AAPL,20130712,51.379603427148155,20130909,60.70829928106917,40,9.32869585392102,0.1815641856237428,215.0
216,216,AAPL,20131002,58.71615273299182,20131113,62.31214094558865,30,3.5959882125968434,0.06124359388717759,216.0
217,217,AAPL,20131126,63.84052678265183,20131224,67.94216684882143,19,4.101640066169607,0.0642482177525546,217.0
218,218,AAPL,20140127,65.88716283144129,20140129,59.9327792846579,2,-5.954383546783383,-0.090372438133608,218.0
219,219,AAPL,20140218,65.20498270350734,20140304,63.443457095997246,10,-1.761525607510109,-0.027015199367813908,219.0
220,220,AAPL,20140314,62.661221241625746,20140410,62.516721848472955,19,-0.1444993931527918,-0.002306041763782304,220.0
221,221,AAPL,20140425,68.30406336450247,20140625,75.37825044966657,42,7.074187085164097,0.10356905192320584,221.0
222,222,AAPL,20140708,79.54090250197326,20140812,79.84321289559864,25,0.3023103936253761,0.003800691017025817,222.0
223,223,AAPL,20140820,83.6702285843506,20140912,84.57706843557717,16,0.9068398512265788,0.010838261907129424,223.0
224,224,AAPL,20140922,84.07788737589752,20141002,83.11281697242799,8,-0.9650704034695394,-0.011478290351836251,224.0
225,225,AAPL,20141023,87.21438033049549,20141211,92.67669998452318,34,5.462319654027696,0.06263095183762643,225.0
226,226,AAPL,20141231,91.6471384278817,20150107,89.46348463484966,4,-2.1836537930320357,-0.02382675368255367,226.0
227,227,AAPL,20150128,95.74045693102128,20150310,103.18583114003893,28,7.445374209017628,0.07776622806784643,227.0
228,228,AAPL,20150330,104.72727958613487,20150401,102.97035831024914,2,-1.7569212758857446,-0.016776156917555872,228.0
229,229,AAPL,20150413,105.12506837597091,20150414,104.66926811666431,1,-0.4558002593065993,-0.004335790371868945,229.0
230,230,AAPL,20150415,105.06705773523564,20150511,104.43434303295868,18,-0.6327147022769566,-0.00602200838126989,230.0
231,231,AAPL,20150521,108.62593592990892,20150610,106.5508126366326,13,-2.07512329327632,-0.019103387008930325,231.0
232,232,AAPL,20150721,108.09682038916522,20150731,100.28408900570707,8,-7.81273138345813,-0.07227531166347995,232.0
233,233,AAPL,20150911,94.20947266165207,20151001,90.3902836272924,14,-3.819189034359681,-0.040539331411779365,233.0
234,234,AAPL,20151021,93.83827941727316,20151117,93.54085868898136,19,-0.2974207282917831,-0.003169503214879234,234.0
235,235,AAPL,20151202,95.67183361307265,20151211,93.12124373450985,7,-2.550589878562789,-0.02665977835104726,235.0
236,236,BXG,19860108,3.0249694969199177,19860403,4.93817841889117,59,1.9132089219712527,0.6324721369651227,236.0
237,237,BXG,19860415,6.023999887063656,19860514,5.920608521560575,21,-0.10339136550308048,-0.0171632416071438,237.0
238,238,BXG,19860604,6.825398901437372,19860716,7.1616699691991785,29,0.33627106776180593,0.04926760657036325,238.0
239,239,BXG,19860728,7.47182433264887,19860812,7.6269557802874735,11,0.15513144763860345,0.02076219149863325,239.0
240,240,BXG,19860820,7.937139743326488,19860912,7.1616699691991785,16,-0.7754697741273109,-0.09770141375919736,240.0
241,241,BXG,19860926,7.47182433264887,19861128,10.285758624229977,44,2.8139342915811074,0.3766060558042492,241.0
242,242,BXG,19861210,10.130656776180695,19861218,10.130656776180695,6,0.0,0.0,242.0
243,243,BXG,19870128,10.337459240246405,19870219,10.130656776180695,15,-0.20680246406570826,-0.02000515399959912,243.0
244,244,BXG,19870223,10.20830636550308,19870415,13.516159137577,37,3.3078527720739217,0.32403541328384755,244.0
245,245,BXG,19870617,9.51043684804928,19870706,9.096950318275152,12,-0.4134865297741275,-0.04347713321485744,245.0
246,246,BXG,19870720,9.458755965092402,19870729,8.894627258726901,7,-0.5641287063655032,-0.059640898702474576,246.0
247,247,BXG,19870901,8.480923665297741,19870914,8.067220071868581,8,-0.4137035934291582,-0.04878048780487807,247.0
248,248,BXG,19871006,8.067220071868581,19871016,7.032961088295688,8,-1.0342589835728937,-0.12820512820512805,248.0
249,249,BXG,19871218,4.13703593429158,19880119,4.033605102669403,20,-0.10343083162217592,-0.025001192463629703,249.0
250,250,BXG,19880217,4.13703593429158,19880419,4.964522053388091,43,0.8274861190965108,0.20001907941807814,250.0
251,251,BXG,19880620,4.654249291581109,19880712,4.550739527720738,15,-0.10350976386036947,-0.02223984092291839,251.0
252,252,BXG,19880912,3.7233323408624233,19881003,3.7233323408624233,15,0.0,0.0,252.0
253,253,BXG,19890103,2.999434917864476,19890123,2.8959251540041064,14,-0.10350976386036947,-0.034509754902121985,253.0
254,254,BXG,19890215,3.102776950718686,19890307,2.999434917864476,13,-0.10334203285421006,-0.03330630415772338,254.0
255,255,BXG,19890411,2.689073357289528,19890417,2.5857313244353186,4,-0.10334203285420918,-0.03843035095121897,255.0
256,256,BXG,19890602,2.689073357289528,19890628,2.689073357289528,18,0.0,0.0,256.0
257,257,BXG,19890713,3.102776950718686,19890810,3.2061979158110883,20,0.10342096509240227,0.0333317433818268,257.0
258,258,BXG,19890920,2.792583121149897,19890921,2.792583121149897,1,0.0,0.0,258.0
259,259,BXG,19890922,2.792583121149897,19890925,2.792583121149897,1,0.0,0.0,259.0
260,260,BXG,19890926,2.689073357289528,19890927,2.5857313244353186,1,-0.10334203285420918,-0.03843035095121897,260.0
261,261,BXG,19891128,2.2753697638603696,19891213,2.2753697638603696,11,0.0,0.0,261.0
262,262,BXG,19891219,2.2753697638603696,19891220,2.0684390349075974,1,-0.2069307289527722,-0.09094378076014142,262.0
263,263,BXG,19900308,1.5514723408624231,19900323,1.4479625770020532,11,-0.1035097638603697,-0.06671711840046812,263.0
264,264,BXG,19900416,1.4479625770020532,19900417,1.3445317453798769,1,-0.10343083162217637,-0.07143197846751374,264.0
265,265,BXG,19900530,1.4479625770020532,19900619,1.3445317453798769,14,-0.10343083162217637,-0.07143197846751374,265.0
266,266,BXG,19900621,1.3445317453798769,19900702,1.2411897125256672,7,-0.10334203285420962,-0.07686098391452402,266.0
267,267,BXG,19901102,0.5172133572895278,19901105,0.4653351437371663,1,-0.051878213552361496,-0.10030331355754392,267.0
268,268,BXG,19901123,0.5172133572895278,19901211,0.4137035934291581,12,-0.1035097638603697,-0.2001297190057421,268.0
269,269,BXG,19910109,0.5172133572895278,19910305,0.6205553901437372,38,0.1033420328542094,0.1998054214913869,269.0
270,270,BXG,19910314,0.7756967043121149,19910402,0.7756967043121149,12,0.0,0.0,270.0
271,271,BXG,19910501,0.7239763552361396,19910502,0.6205553901437372,1,-0.1034209650924024,-0.14285130217915687,271.0
272,272,BXG,19910723,1.1376799486652978,19910822,1.4479625770020532,22,0.31028262833675546,0.2727327915911435,272.0
273,273,BXG,19910919,1.4479625770020532,19910930,1.3445317453798769,7,-0.10343083162217637,-0.07143197846751374,273.0
274,274,BXG,19911030,1.3445317453798769,19911104,1.2411897125256672,3,-0.10334203285420962,-0.07686098391452402,274.0
275,275,BXG,19911213,0.8274071868583162,19911216,0.8274071868583162,1,0.0,0.0,275.0
276,276,BXG,19920103,0.930916950718686,19920211,1.3445317453798769,27,0.41361479466119105,0.4443090163326303,276.0
277,277,BXG,19920220,1.4479625770020532,19920305,1.4479625770020532,10,0.0,0.0,277.0
278,278,BXG,19920318,1.5514723408624231,19920401,1.3445317453798769,10,-0.20694059548254606,-0.13338336110298504,278.0
279,279,BXG,19920716,1.4479625770020532,19920819,1.5514723408624231,24,0.1035097638603697,0.07148649109059324,279.0
280,280,BXG,19920909,1.5514723408624231,19921109,2.5857313244353186,43,1.0342589835728953,0.6666306297139514,280.0
281,281,BXG,19921210,2.482142628336756,19930210,2.8959251540041064,42,0.4137825256673509,0.16670376671489662,281.0
282,282,BXG,19930312,3.3096287474332646,19930405,3.102776950718686,16,-0.20685179671457865,-0.062499999999999875,282.0
283,283,BXG,19930511,3.102776950718686,19930526,2.8959251540041064,11,-0.20685179671457954,-0.06666666666666682,283.0
284,284,BXG,19930707,2.8959251540041064,19930727,2.9042821047227925,14,0.00835695071868603,0.002885761984259549,284.0
285,285,BXG,19930729,2.9042821047227925,19930818,2.796638264887064,14,-0.1076438398357289,-0.03706383744908392,285.0
286,286,BXG,19930909,2.9042821047227925,19931103,3.9798325154004095,39,1.075550410677618,0.37033262331114936,286.0
287,287,BXG,19940114,3.119323121149897,19940131,2.689162156057495,11,-0.43016096509240187,-0.13790202181229266,287.0
288,288,BXG,19940214,3.2268880287474326,19940330,3.011758213552361,31,-0.2151298151950716,-0.06666788970628695,288.0
289,289,BXG,19940425,3.119323121149897,19940516,2.796638264887064,14,-0.3226848562628333,-0.10344707608998192,289.0
290,290,BXG,19940606,2.796638264887064,19940815,3.132228542094456,49,0.33559027720739193,0.11999774208229395,290.0
291,291,BXG,19940902,3.132228542094456,19940916,2.908504979466118,9,-0.22372356262833687,-0.07142632142632149,291.0
292,292,BXG,19941111,3.0201447638603693,19941128,2.9086529774127308,10,-0.11149178644763856,-0.036916040509637364,292.0
293,293,BXG,19941129,2.9086529774127308,19941219,2.9086529774127308,14,0.0,0.0,293.0
294,294,BXG,19950111,3.0201447638603693,19950126,2.9086529774127308,11,-0.11149178644763856,-0.036916040509637364,294.0
295,295,BXG,19950127,3.0201447638603693,19950130,3.0201447638603693,1,0.0,0.0,295.0
296,296,BXG,19950206,2.7961745379876795,19950217,2.9086529774127308,9,0.11247843942505133,0.0402258292166549,296.0
297,297,BXG,19950426,3.2885143737166325,19950501,3.2885143737166325,3,0.0,0.0,297.0
298,298,BXG,19950509,3.405926078028747,19950601,3.171102669404517,16,-0.23482340862423004,-0.0689455388180765,298.0
299,299,BXG,19950710,3.2885143737166325,19950804,3.405926078028747,19,0.11741170431211455,0.03570357035703557,299.0
300,300,BXG,19950818,3.640749486652977,19951002,4.581029774127309,30,0.9402802874743328,0.2582655826558266,300.0
301,301,BXG,19951128,4.581029774127309,19951219,4.11138295687885,15,-0.4696468172484601,-0.1025199224639242,301.0
302,302,BXG,19960104,4.581029774127309,19960123,4.463618069815195,13,-0.11741170431211502,-0.02562998061598105,302.0
303,303,BXG,19960220,4.581029774127309,19960228,3.87655954825462,6,-0.7044702258726899,-0.1537798836958863,303.0
304,304,BXG,19960325,4.193275154004106,19960417,4.069943531827516,16,-0.12333162217659145,-0.029411764705882373,304.0
305,305,BXG,19960521,4.3166067761806985,19960605,4.193275154004106,10,-0.12333162217659145,-0.028571428571428588,305.0
306,306,BXG,19960930,3.206622176591376,19961023,3.206622176591376,17,0.0,0.0,306.0
307,307,BXG,19970102,2.8366273100616013,19970205,3.0832905544147837,24,0.2466632443531829,0.08695652173913049,307.0
308,308,BXG,19970312,2.8366273100616013,19970625,3.1454496919917863,73,0.30882238193018496,0.10886956521739136,308.0
309,309,BXG,19970717,3.206622176591376,19970915,3.8854394250513344,41,0.6788172484599588,0.21169230769230768,309.0
310,310,BXG,19970925,4.069943531827516,19971024,4.809933264887063,21,0.7399897330595486,0.18181818181818196,310.0
311,311,BXG,19971205,4.378765913757698,19980113,4.255434291581108,25,-0.12333162217659145,-0.028165840468679607,311.0
312,312,BXG,19980120,4.933264887063655,19980212,4.748760780287474,17,-0.18450410677618126,-0.037400000000000114,312.0
313,313,BXG,19980302,4.748760780287474,19980303,4.809933264887063,1,0.06117248459958979,0.012881778516517865,313.0
314,314,BXG,19980304,4.809933264887063,19980505,9.86652977412731,43,5.056596509240245,1.051282051282051,314.0
315,315,BXG,19980629,8.942035934291582,19980730,9.435362422997947,22,0.4933264887063658,0.055169369965795016,315.0
316,316,BXG,19980826,8.078714579055443,19980828,7.7087197125256655,2,-0.3699948665297752,-0.045798729848559004,316.0
317,317,BXG,19980916,7.955382956878849,19980923,7.769892197125256,5,-0.185490759753594,-0.023316383480094325,317.0
318,318,BXG,19981027,6.845398357289528,19981130,6.7832392197125255,23,-0.06215913757700165,-0.009080426635918072,318.0
319,319,BXG,19981229,7.27656570841889,19990120,6.722066735112937,14,-0.5544989733059547,-0.07620338983050846,319.0
320,320,BXG,19990217,6.475403490759753,19990225,6.3520718685831605,6,-0.12333162217659145,-0.019046167911016317,320.0
321,321,BXG,19990422,5.549922997946612,19990526,5.858745379876796,24,0.3088223819301845,0.0556444444444444,321.0
322,322,BXG,19990624,5.4265913757700215,19990706,5.303259753593429,7,-0.12333162217659145,-0.022727272727272742,322.0
323,323,BXG,19990726,5.673254620123202,19990816,5.242087268993839,15,-0.4311673511293632,-0.07599999999999997,323.0
324,324,BXG,19991020,5.056596509240245,19991104,4.686601642710472,11,-0.3699948665297743,-0.07317073170731711,324.0
325,325,BXG,19991129,5.118755646817248,19991220,4.809933264887063,15,-0.3088223819301845,-0.06033153430994598,325.0
326,326,BXG,20000218,3.762107802874744,20000222,3.4532854209445585,1,-0.30882238193018496,-0.08208759506949913,326.0
327,327,BXG,20000410,3.8854394250513344,20000905,3.3921129363449687,102,-0.4933264887063653,-0.1269680040629761,327.0
328,328,BXG,20001026,2.7132956878850103,20001108,2.158796714579056,9,-0.5544989733059547,-0.2043636363636363,328.0
329,329,BXG,20001211,2.035465092402464,20001212,2.096637577002053,1,0.0611724845995889,0.030053320407173813,329.0
330,330,BXG,20010309,2.032505133470226,20010312,2.002905544147844,1,-0.02959958932238216,-0.014563106796116616,330.0
331,331,BXG,20010504,1.7759753593429155,20010615,2.081837782340862,29,0.3058624229979463,0.17222222222222205,331.0
332,332,BXG,20010625,2.1509034907597537,20010710,1.9634394250513345,10,-0.18746406570841925,-0.08715596330275244,332.0
333,333,BXG,20010801,2.022638603696098,20010918,1.9239733059548252,29,-0.09866529774127276,-0.04878048780487789,333.0
334,334,BXG,20011015,1.83517453798768,20011018,1.7365092402464064,3,-0.0986652977412732,-0.05376344086021511,334.0
335,335,BXG,20011026,2.2199691991786445,20011119,2.022638603696098,16,-0.1973305954825464,-0.08888888888888898,335.0
336,336,BXG,20011204,2.022638603696098,20011212,1.973305954825462,6,-0.04933264887063626,-0.024390243902438886,336.0
337,337,BXG,20011227,2.170636550308008,20020301,3.177022587268994,43,1.0063860369609858,0.4636363636363637,337.0
338,338,BXG,20020312,3.670349075975359,20020417,4.439938398357289,25,0.7695893223819299,0.20967741935483866,338.0
339,339,BXG,20020604,3.9367453798767964,20020612,3.6012833675564684,6,-0.3354620123203289,-0.08521303258145373,339.0
340,340,BXG,20020731,3.433552361396304,20020911,3.37435318275154,29,-0.05919917864476387,-0.01724137931034483,340.0
341,341,BXG,20021016,3.1572895277207387,20021206,3.37435318275154,36,0.21706365503080072,0.06874999999999996,341.0
342,342,BXG,20030122,3.5026180698151945,20030204,3.37435318275154,9,-0.1282648870636547,-0.036619718309859065,342.0
343,343,BXG,20030205,3.650616016427105,20030226,3.5124845995893224,14,-0.13813141683778252,-0.03783783783783788,343.0
344,344,BXG,20030321,3.5026180698151945,20030519,3.729548254620122,40,0.2269301848049281,0.0647887323943662,344.0
345,345,BXG,20030602,4.045277207392196,20030807,5.130595482546202,47,1.0853182751540045,0.2682926829268294,345.0
346,346,BXG,20030819,5.140462012320328,20030926,5.663388090349076,27,0.5229260780287479,0.1017274472168907,346.0
347,347,BXG,20031010,5.811386036960986,20031120,5.68312114989733,29,-0.12826488706365513,-0.02207130730050936,347.0
348,348,BXG,20031211,6.206047227926077,20040423,12.599558521560574,91,6.3935112936344956,1.0302066772655007,348.0
349,349,BXG,20040601,11.770770020533881,20040714,12.20489733059548,29,0.43412731006160143,0.03688181056160938,349.0
350,350,BXG,20040824,11.681971252566733,20040908,10.695318275154005,10,-0.9866529774127316,-0.08445945945945951,350.0
351,351,BXG,20041006,11.494507186858316,20041021,10.912381930184807,11,-0.5821252566735104,-0.050643776824034266,351.0
352,352,BXG,20041028,11.879301848049279,20050107,16.73363351026694,49,4.8543316622176595,0.4086377906976745,352.0
353,353,BXG,20050121,18.973336755646816,20050304,14.898459958932238,29,-4.0748767967145785,-0.21476859074362967,353.0
354,354,BXG,20050414,14.957659137577002,20050505,14.355800821355233,15,-0.6018583162217652,-0.04023746701846962,354.0
355,355,BXG,20050506,14.799794661190965,20050624,16.970432198151947,34,2.170637536960987,0.14666673333333344,355.0
356,356,BXG,20050629,17.394691005133467,20050726,16.131776180698154,18,-1.2629148244353132,-0.07260346412952122,356.0
357,357,BXG,20050808,17.759753593429156,20050824,17.93735112936345,12,0.17759753593429295,0.010000000000000078,357.0
358,358,BXG,20050916,17.85841889117043,20050926,16.516570841889113,6,-1.3418480492813174,-0.0751381215469615,358.0
359,359,BXG,20051111,16.378439425051337,20051129,15.194455852156056,11,-1.1839835728952792,-0.07228915662650615,359.0
360,360,BXG,20051214,15.490451745379875,20051215,15.036591375770021,1,-0.4538603696098562,-0.029299363057324838,360.0
361,361,BXG,20060103,16.477105709445585,20060124,15.786447638603695,14,-0.6906580708418897,-0.041916225034956615,361.0
362,362,BXG,20060301,15.569383983572896,20060306,15.243788501026692,3,-0.325595482546202,-0.02091254752851716,362.0
363,363,BXG,20060710,11.149178644763857,20060714,11.119579055441477,4,-0.02959958932238393,-0.002654867256637348,363.0
364,364,BXG,20060718,11.642505133470229,20060808,11.356375770020533,15,-0.2861293634496942,-0.024576271186440863,364.0
365,365,BXG,20060824,11.7411704312115,20060907,10.882782340862422,9,-0.8583880903490773,-0.0731092436974791,365.0
366,366,BXG,20060920,11.711570841889115,20061004,11.208377823408624,10,-0.5031930184804914,-0.0429654591406907,366.0
367,367,BXG,20061017,11.632638603696098,20061208,12.816622176591375,37,1.1839835728952774,0.1017811704834606,367.0
368,368,BXG,20070202,12.905420944558523,20070221,12.431827515400407,12,-0.4735934291581128,-0.036697247706422166,368.0
369,369,BXG,20070330,11.139312114989732,20070405,11.247843942505133,4,0.10853182751540123,0.009743135518157735,369.0
370,370,BXG,20070423,11.267577002053388,20070531,11.780636550308008,27,0.5130595482546187,0.0455341506129596,370.0
371,371,BXG,20070710,11.721437371663244,20070726,10.912381930184807,12,-0.8090554414784386,-0.06902356902356895,371.0
372,372,BXG,20070823,8.94894250513347,20070907,7.508429158110883,10,-1.4405133470225868,-0.16097023153252474,372.0
373,373,BXG,20070927,7.6958932238193025,20071008,7.735359342915809,7,0.039466119096508656,0.005128205128205053,373.0
374,374,BXG,20071109,7.587361396303901,20080114,6.7684394250513344,43,-0.8189219712525668,-0.1079323797139142,374.0
375,375,BXG,20080123,7.498562628336755,20080222,7.853757700205338,21,0.35519507186858323,0.0473684210526316,375.0
376,376,BXG,20080402,7.094034907597536,20080528,6.906570841889117,39,-0.18746406570841856,-0.026425591098748216,376.0
377,377,BXG,20080710,6.462577002053387,20080818,11.001180698151948,27,4.538603696098564,0.7022900763358779,377.0
378,378,BXG,20080822,11.188644763860367,20080825,10.892648870636547,1,-0.2959958932238198,-0.026455026455026502,378.0
379,379,BXG,20080911,11.070246406570842,20080915,10.527587268993841,2,-0.5426591375770027,-0.04901960784313731,379.0
380,380,BXG,20081030,4.607669404517454,20081120,3.0882238193018483,15,-1.5194455852156061,-0.3297644539614561,380.0
381,381,BXG,20081219,2.2101026694045176,20090121,2.2693018480492806,20,0.05919917864476343,0.02678571428571409,381.0
382,382,BXG,20090320,1.8450410677618068,20090501,1.8154414784394248,29,-0.029599589322381936,-0.016042780748663103,382.0
383,383,BXG,20090504,1.8746406570841887,20090506,1.8253080082135524,2,-0.04933264887063626,-0.02631578947368406,383.0
384,384,BXG,20090507,1.7266427104722792,20090624,2.654096509240246,33,0.9274537987679669,0.5371428571428569,384.0
385,385,BXG,20090723,2.9500924024640662,20090828,2.9698254620123197,26,0.019733059548254328,0.006688963210702242,385.0
386,386,BXG,20090921,3.058624229979466,20091229,2.407433264887064,69,-0.6511909650924026,-0.21290322580645168,386.0
387,387,BXG,20091230,2.3975667351129357,20100202,2.4666324435318274,22,0.06906570841889126,0.028806584362139964,387.0
388,388,BXG,20100218,2.644229979466119,20100518,5.456190965092404,62,2.811960985626284,1.0634328358208958,388.0
389,389,BXG,20100804,2.9796919917864475,20100818,2.802094455852156,10,-0.17759753593429162,-0.05960264900662252,389.0
390,390,BXG,20100914,2.6244969199178643,20101102,3.0487577002053383,35,0.4242607802874741,0.16165413533834574,390.0
391,391,BXG,20101227,3.0980903490759752,20110202,3.4532854209445585,26,0.35519507186858323,0.11464968152866245,391.0
392,392,BXG,20110204,3.650616016427105,20110310,4.045277207392196,23,0.39466119096509145,0.10810810810810784,392.0
393,393,BXG,20110401,4.005811088295688,20110413,3.966344969199178,8,-0.03946611909650954,-0.00985221674876855,393.0
394,394,BXG,20110802,2.5356981519507182,20110803,2.4666324435318274,1,-0.06906570841889081,-0.027237354085602974,394.0
395,395,BXG,20110822,2.555431211498973,20110908,2.515965092402464,12,-0.0394661190965091,-0.01544401544401539,395.0
396,396,BXG,20111027,2.2101026694045176,20120124,2.82182751540041,59,0.6117248459958926,0.276785714285714,396.0
397,397,BXG,20120209,3.2460882956878847,20120302,3.1079568788501017,15,-0.13813141683778252,-0.042553191489361764,397.0
398,398,BXG,20120319,3.680215605749487,20120508,4.992464065708418,35,1.3122484599589317,0.3565683646112599,398.0
399,399,BXG,20120618,5.663388090349076,20120702,5.2983264887063655,10,-0.3650616016427106,-0.06445993031358888,399.0
400,400,BXG,20120710,5.673254620123202,20120726,4.6471355236139615,12,-1.0261190965092402,-0.1808695652173913,400.0
401,401,BXG,20120810,5.929784394250512,20120904,5.7719199178644764,16,-0.1578644763860373,-0.02662229617304498,401.0
402,402,BXG,20120907,6.196180698151951,20121019,5.525256673511293,30,-0.6709240246406578,-0.10828025477707018,402.0
403,403,BXG,20121115,8.84041067761807,20130130,9.481735112936343,50,0.6413244353182729,0.07254464285714261,403.0
404,404,A,20000127,48.850703716151784,20000323,85.43296551345334,39,36.58226179730156,0.7488584403996246,404.0
405,405,A,20000508,60.494572536461135,20000511,54.65033173038154,3,-5.844240806079591,-0.09660768827744283,405.0
406,406,A,20000612,47.110816808722,20000619,48.538417166881345,5,1.4276003581593386,0.030303027093663882,406.0
407,407,A,20000628,56.74711897682434,20000712,49.25221884280016,9,-7.494900134024192,-0.13207542989248716,407.0
408,408,A,20000818,40.24049077113146,20000915,40.68661569595137,19,0.4461249248199053,0.011086468287806158,408.0
409,409,A,20001011,32.700972855793616,20001017,30.916474154406792,4,-1.784498701386834,-0.0545702022155795,409.0
410,410,A,20001102,34.35163916898759,20001113,28.06127244019535,7,-6.2903667287922405,-0.1831169306899083,410.0
411,411,A,20001127,36.04691228667479,20001229,39.080564170392755,23,3.0336518837179582,0.0841584394133915,411.0
412,412,A,20010116,41.534252753741335,20010202,37.26037184269065,13,-4.273880911050681,-0.10290015174681813,412.0
413,413,A,20010420,28.837530228496934,20010515,26.731819824948513,17,-2.1057104035484286,-0.07301979007437982,413.0
414,414,A,20010709,21.349766025636054,20010717,21.057108027055353,6,-0.2926579985807081,-0.013707784817374322,414.0
415,415,A,20010802,22.663158554721203,20010817,18.880017356125762,11,-3.7831411985954415,-0.16692912373449087,415.0
416,416,A,20011011,17.2168634128692,20011227,20.58599985896813,53,3.3691364460989317,0.19568816719429752,416.0
417,417,A,20020107,23.30557796747333,20020123,19.986407010016276,11,-3.3191709574570574,-0.14241959423145362,417.0
418,418,A,20020227,21.87084068025792,20020328,24.954457054724983,21,3.0836163744670664,0.14099212826558352,418.0
419,419,A,20020919,10.043169991542776,20020926,9.83616711634814,5,-0.20700287519463426,-0.020611308518022564,419.0
420,420,A,20021025,9.23657526528905,20021213,12.277364078063073,34,3.040788812774027,0.3292117181355387,420.0
421,421,A,20021227,12.991164756089127,20030123,12.398709834086109,17,-0.592454922003018,-0.0456044498800869,421.0
422,422,A,20030305,9.300816607828605,20030409,9.800477481603943,25,0.4996608737753423,0.053722258468656615,422.0
423,423,A,20030415,10.121688185872772,20030801,15.382396229162193,75,5.26070804328942,0.5197461082264906,423.0
424,424,A,20030804,15.389533158218267,20030806,14.690009331982653,2,-0.6995238262356107,-0.04545451892814912,424.0
425,425,A,20030820,17.402450511431784,20030923,17.59517653483598,23,0.19272602340419454,0.011074648554672892,425.0
426,426,A,20031015,17.302518536255267,20031212,19.4510574993895,41,2.1485389631342318,0.12417492624742675,426.0
427,427,A,20031224,20.03637349655091,20040224,24.090757914987773,40,4.0543844184368645,0.20235120987012906,427.0
428,428,A,20040405,23.155680503654946,20040420,20.514619591586968,10,-2.6410609120679704,-0.11405671760115625,428.0
429,429,A,20040608,18.958534552562995,20040715,18.44459782488997,25,-0.5139367276730198,-0.027108462747904797,429.0
430,430,A,20040831,14.632904918499177,20040903,14.5401108702715,3,-0.09279404822767567,-0.006341464578941109,430.0
431,431,A,20040916,16.01767771496548,20041005,16.567304077382698,13,0.5496263624172215,0.03431373587344063,431.0
432,432,A,20041012,15.64650251994754,20041117,16.68151190645689,26,1.0350093865093497,0.06614956826228917,432.0
433,433,A,20041208,16.79572073342385,20041230,17.195448634129914,15,0.3997279007060612,0.023799389561806297,433.0
434,434,A,20041231,17.20258656107875,20050106,16.224680590160116,4,-0.9779059709186376,-0.05684644965723772,434.0
435,435,A,20050207,16.503060739057613,20050317,16.174714103625472,27,-0.3283466354321369,-0.019896105372444187,435.0
436,436,A,20050504,15.168255427018714,20050628,16.767167029842962,38,1.5989116028242467,0.10541170080615586,436.0
437,437,A,20050714,18.373219553294344,20051005,22.313397140549778,58,3.940177587255437,0.2144522126797836,437.0
438,438,A,20051101,22.93440177456263,20051215,25.132907224231488,31,2.1985054496688647,0.09586059716226418,438.0
439,439,A,20060118,24.59755771360472,20060201,24.954457054724983,10,0.3568993411202612,0.014509543804133974,439.0
440,440,A,20060209,25.07580380864078,20060515,27.102996017859212,65,2.0271922092184305,0.08084256140654153,440.0
441,441,A,20060816,22.84874665117655,20060914,22.127809044094423,20,-0.7209376070821243,-0.03155261065687386,441.0
442,442,A,20060920,23.26988833272913,20061107,23.95356676713045,34,0.6836784344013225,0.029380391715921036,442.0
443,443,A,20061214,24.259842665857157,20070116,23.889463342908932,19,-0.3703793229482209,-0.015267177452452556,443.0
444,444,A,20070214,23.46210120692965,20070302,21.88086747745885,11,-1.5812337294708032,-0.067395230952451,444.0
445,445,A,20070321,22.85667400366836,20070612,26.6886740815936,57,3.83200007792524,0.16765344237355914,445.0
446,446,A,20070621,27.87816267154316,20070727,26.809760318846184,25,-1.068402352696978,-0.03832398731884715,446.0
447,447,A,20070905,25.75560416728218,20071026,25.66300933654513,37,-0.09259483073705256,-0.0035951333207192814,447.0
448,448,A,20071127,26.232823526350018,20071218,25.007722918694462,15,-1.2251006076555555,-0.04670105779597007,448.0
449,449,A,20080107,25.17154576784514,20080108,25.13593076288792,1,-0.03561500495721859,-0.0014148914526621653,449.0
450,450,A,20080403,22.415067658056927,20080421,21.838130865560757,12,-0.5769367924961699,-0.02573879326609101,450.0
451,451,A,20080501,22.15152837122832,20080630,25.313997821670746,41,3.1624694504424298,0.14276529354742076,451.0
452,452,A,20080725,25.791217180738577,20080821,24.665834006511364,19,-1.125383174227217,-0.0436343568564758,452.0
453,453,A,20081110,15.463333745836936,20081118,13.533088501491756,6,-1.9302452443451783,-0.12482723816685662,453.0
454,454,A,20090109,13.191200585059068,20090203,12.970396914378144,16,-0.2208036706809242,-0.016738709206728018,454.0
455,455,A,20090320,10.278024220312274,20090522,12.600017591429925,44,2.3219933711176517,0.2259182622403961,455.0
456,456,A,20090604,14.273847147388196,20090623,13.212567397382493,13,-1.061279750005701,-0.07435134614005531,456.0
457,457,A,20090701,14.686962086484096,20090716,14.836538734501806,10,0.14957664801770856,0.010184314982017878,457.0
458,458,A,20090717,14.929132569488445,20091005,19.1030225553472,55,4.173889985858754,0.2795802077871008,458.0
459,459,A,20091113,20.377983373342534,20100122,20.776852111305466,46,0.3988687379629283,0.019573513760184364,459.0
460,460,A,20100217,21.816764053237318,20100510,24.352436500843798,57,2.5356724476064727,0.116225872976346,460.0
461,461,A,20100622,22.80681478907898,20100701,20.14293449727905,7,-2.6638802917999267,-0.11680194347329567,461.0
462,462,A,20100730,19.893639420082604,20100816,19.34519303835155,11,-0.5484463817310505,-0.02756893146346036,462.0
463,463,A,20100908,20.541804230992394,20110201,29.95086196121477,101,9.409057730222381,0.4580443676912512,463.0
464,464,A,20110211,32.066297862784474,20110228,29.97222976928861,10,-2.0940680934958635,-0.06530432987483094,464.0
465,465,A,20110309,32.799933905989626,20110324,31.27568099804907,11,-1.524252907940561,-0.046471218884444616,465.0
466,466,A,20110404,31.930965424398924,20110527,35.32848375090482,38,3.3975183265059066,0.10640199196450896,466.0
467,467,A,20110624,34.537866886169425,20110718,32.379695368452055,15,-2.1581715177173777,-0.06248711088123425,467.0
468,468,A,20110902,24.502013148861497,20110921,22.970637638229665,12,-1.531375510631836,-0.06249998730014526,468.0
469,469,A,20111017,23.554697033417114,20111122,25.342489228186285,26,1.787792194769164,0.07589960474689265,469.0
470,470,A,20120103,25.983530440654388,20120223,30.919545884733004,35,4.93601544407862,0.18996708146925356,470.0
471,471,A,20120309,31.731531553292662,20120403,31.860834468595204,17,0.12930291530254578,0.004074903068746725,471.0
472,472,A,20120531,28.89720172293657,20120608,28.14385610970399,6,-0.7533456132325824,-0.026069846501248925,472.0
473,473,A,20120627,27.25547628642213,20120629,27.831103461067123,2,0.5756271746449855,0.02111968870387144,473.0
474,474,A,20120803,27.73889951474732,20120823,26.57572339611772,14,-1.1631761186296004,-0.041933030472647286,474.0
475,475,A,20120913,27.221145071138874,20121004,27.73414686164688,15,0.5130017905080102,0.018845709435343288,475.0
476,476,A,20121109,26.11396170826375,20121121,25.356932832259982,8,-0.7570288760037691,-0.028989430422738487,476.0
477,477,A,20121130,27.09031837111195,20130215,29.828891872371464,52,2.7385735012595127,0.10109048789104744,477.0
478,478,A,20130313,30.358399144058843,20130326,29.525309124552113,9,-0.8330900195067343,-0.027441829707604014,478.0
479,479,A,20130415,30.313425303459173,20130430,29.18653035398881,11,-1.1268949494703584,-0.03717478108096759,479.0
480,480,A,20130513,30.313425303459173,20130611,31.271284139725555,20,0.9578588362663858,0.031598502204139935,480.0
481,481,A,20130710,31.84112968172214,20130806,32.38223733311233,19,0.5411076513901882,0.016993984095382202,481.0
482,482,A,20130813,32.97254114407661,20131014,36.0129727694445,43,3.0404316253678942,0.09221101922604157,482.0
483,483,A,20131022,35.77456773679237,20131101,35.8306630962552,8,0.056095359462830174,0.0015680234035403556,483.0
484,484,A,20131115,38.51621286891623,20140203,39.290707935192096,52,0.7744950662758612,0.02010828709748104,484.0
485,485,A,20140311,39.7875288069228,20140319,39.62658807441815,6,-0.16094073250464902,-0.004045004485843972,485.0
486,486,A,20140501,38.030434976097595,20140627,40.04656513229281,40,2.0161301561952167,0.05301359706935695,486.0
487,487,A,20140804,39.18295552023975,20140805,38.47256398461149,1,-0.7103915356282613,-0.01813011617414394,487.0
488,488,A,20140820,40.62463125744224,20140911,40.10924994570824,15,-0.5153813117340036,-0.01268642436328793,488.0
489,489,A,20140915,40.33907998130721,20140926,39.236496384380544,9,-1.1025835969266566,-0.027332889035584958,489.0
490,490,A,20141031,38.38926415698153,20141211,39.43563567014617,28,1.0463715131646438,0.027256878612880345,490.0
491,491,A,20141231,39.746305382729055,20150112,38.844016518616,7,-0.9022888641130606,-0.02270120091476809,491.0
492,492,A,20150210,38.41790125124812,20150316,40.490359735651744,23,2.0724584844036262,0.053945124978327534,492.0
493,493,A,20150330,40.29702195520487,20150402,40.61576443680677,3,0.3187424816018947,0.007909827231307972,493.0
494,494,A,20150409,41.04075988566488,20150430,39.95895776679879,15,-1.0818021188660936,-0.0263592126919647,494.0
495,495,A,20150519,40.92484992857522,20150602,39.707827736521246,9,-1.2170221920539743,-0.029737975684162633,495.0
496,496,A,20150716,38.85164637939664,20150813,37.13732085377245,20,-1.71432552562419,-0.044124913237481536,496.0
497,497,A,20150917,35.0570155159477,20150923,33.660512637867086,4,-1.3965028780806037,-0.03983519011894564,497.0
498,498,A,20151013,34.22184375427741,20151218,38.515178994882326,47,4.293335240604924,0.12545598862037638,498.0
